<!-- Default frames for Astra/Astra s  devices
     Places depth and RGB cameras in the same plane with 2.5cm baseline.
     Calibration may improve results, but these defaults are reasonably accurate.
-->
<launch>
  <arg name="camera" default="camera" />
  <arg name="tf_prefix" default="" />

  <arg name="pi/2" value="1.5707963267948966" />
  <arg name="optical_rotate" value="0 0 0 -$(arg pi/2) 0 -$(arg pi/2)" />

  <!-- <node pkg="tf2_ros" type="static_transform_publisher" name="$(arg camera)_base_link"
    args="0 -0.02  0 0 0 0 $(arg tf_prefix)/$(arg camera)_link $(arg tf_prefix)/$(arg camera)_depth_frame" />  
  <node pkg="tf2_ros" type="static_transform_publisher" name="$(arg camera)_base_link1"
    args="0 -0.045 0 0 0 0 $(arg tf_prefix)/$(arg camera)_link $(arg tf_prefix)/$(arg camera)_rgb_frame" />   -->
  <!-- TODO the previous comment code is orbbec proivide,but I think it not suit LeTV deition camera,the right data should be below -->
  <node pkg="tf2_ros" type="static_transform_publisher" name="$(arg camera)_base_link"
    args="0 0.058  0 0 0 0 $(arg tf_prefix)/$(arg camera)_link $(arg tf_prefix)/$(arg camera)_depth_frame" />  
  <node pkg="tf2_ros" type="static_transform_publisher" name="$(arg camera)_base_link1"
    args="0 0.023 0 0 0 0 $(arg tf_prefix)/$(arg camera)_link $(arg tf_prefix)/$(arg camera)_rgb_frame" />  
  <node pkg="tf2_ros" type="static_transform_publisher" name="$(arg camera)_base_link2"
    args="$(arg optical_rotate) $(arg tf_prefix)/$(arg camera)_depth_frame $(arg tf_prefix)/$(arg camera)_depth_optical_frame" />  
  <node pkg="tf2_ros" type="static_transform_publisher" name="$(arg camera)_base_link3"
    args="$(arg optical_rotate) $(arg tf_prefix)/$(arg camera)_rgb_frame $(arg tf_prefix)/$(arg camera)_rgb_optical_frame" />  

</launch>

<!-- TODO Could instead store these in camera_pose_calibration format for consistency
     with user calibrations. Blocked on camera_pose_calibration having sane dependencies. -->